req_id,priority,area,text,verdict,code_refs,tests,rationale
PF-001,High,Currency,"The service SHALL accept payments only in INR, USD and EUR. Requests in any other currency SHALL be rejected with error code UNSUPPORTED_CURRENCY.",COVERED,payflow/validation.py:8; payflow/validation.py:17,tests/test_payments.py::test_rejects_unsupported_currency; tests/test_payments.py::test_accepts_supported_currency,"SUPPORTED_CURRENCIES = {""INR"",""USD"",""EUR""} and UNSUPPORTED_CURRENCY error code match the spec exactly; two tests assert both rejection and acceptance."
PF-002,Critical,Limits,"The amount of a single transaction SHALL be greater than zero and SHALL NOT exceed INR 1,00,000.00 (INR-equivalent). Requests above the limit SHALL be rejected with AMOUNT_LIMIT_EXCEEDED.",COVERED,payflow/validation.py:12; payflow/validation.py:32,tests/test_payments.py::test_pf002_rejects_amount_above_limit; tests/test_payments.py::test_pf002_accepts_amount_at_limit,"MAX_TXN_AMOUNT_INR corrected from 200000 to 100000 (1,00,000 INR). test_pf002_rejects_amount_above_limit asserts 150 000 INR raises AMOUNT_LIMIT_EXCEEDED; test_pf002_accepts_amount_at_limit asserts exactly 1,00,000 INR is accepted. Old test_large_payment_within_limit replaced."
PF-003,Critical,Integrity,Payment creation SHALL be idempotent: a repeated request with the same idempotency key within 24 hours SHALL return the original payment and SHALL NOT create a new charge.,COVERED,payflow/service.py:18; payflow/service.py:36; payflow/service.py:37; payflow/service.py:38,tests/test_payments.py::test_idempotent_create_returns_same_payment,IDEMPOTENCY_TTL=24h matches spec; dedup logic returns original payment within TTL; test asserts same id and no duplicate charge.
PF-004,High,Integrity,Monetary amounts SHALL be stored as integer minor units (paise/cents). Floating-point amounts SHALL be rejected.,COVERED,payflow/validation.py:26; payflow/validation.py:27,tests/test_payments.py::test_pf004_rejects_float_amount,"to_minor_units raises PaymentError('INVALID_AMOUNT') when isinstance(amount, float). test_pf004_rejects_float_amount calls to_minor_units(1234.56) and asserts INVALID_AMOUNT is raised."
PF-005,High,Refunds,A refund SHALL only be permitted within 30 days of capture. Later requests SHALL be rejected with REFUND_WINDOW_EXPIRED.,COVERED,payflow/service.py:19; payflow/service.py:85,tests/test_payments.py::test_pf005_refund_within_30_days_allowed; tests/test_payments.py::test_pf005_refund_after_30_days_rejected; tests/test_payments.py::test_pf005_refund_rejected_at_old_60day_boundary,"REFUND_WINDOW corrected from timedelta(days=60) to timedelta(days=30). Tests assert immediate refund succeeds, refund after 31 days raises REFUND_WINDOW_EXPIRED, and refund after 45 days (previously allowed by old 60-day window) also raises REFUND_WINDOW_EXPIRED."
PF-006,Critical,Refunds,The cumulative refunded amount SHALL NOT exceed the captured amount. Violations SHALL be rejected with REFUND_EXCEEDS_CAPTURE.,COVERED,payflow/service.py:88; payflow/service.py:89,tests/test_payments.py::test_refund_cannot_exceed_capture,Guard on refunded_minor + refund_minor > amount_minor raises REFUND_EXCEEDS_CAPTURE; test asserts exact error code after cumulative over-refund.
PF-007,Critical,Audit,"Every payment state change SHALL write an audit record containing payment id, actor, previous state, new state and timestamp.",COVERED,payflow/audit.py:10; payflow/audit.py:22; payflow/service.py:57; payflow/service.py:66,tests/test_payments.py::test_state_changes_are_audited,"AuditRecord captures payment_id, actor, old_state, new_state, timestamp for every transition; test asserts the full sequence including actor name."
PF-008,Critical,Security / PCI-DSS,"Full card numbers (PAN) SHALL NEVER be written to application logs. Where a card must be referenced, only the last four digits MAY be shown (PCI-DSS Req. 3.4).",COVERED,payflow/service.py:45; payflow/service.py:46,tests/test_payments.py::test_pf008_full_pan_not_logged,log.info in create_payment now uses card_number[-4:] (masked as ****XXXX) instead of the full PAN. test_pf008_full_pan_not_logged captures the payflow logger at INFO level and asserts the full 16-digit CARD string is absent and the last-4 digits are present.
PF-009,Medium,Resilience,"Calls to the card gateway SHALL be retried at most 3 times with exponential backoff (1s, 2s, 4s) on HTTP 5xx or timeout. HTTP 4xx responses SHALL NOT be retried.",COVERED,payflow/gateway.py:18; payflow/gateway.py:33; payflow/gateway.py:35,tests/test_payments.py::test_pf009_retries_3_times_on_5xx; tests/test_payments.py::test_pf009_exponential_backoff_sequence; tests/test_payments.py::test_pf009_4xx_not_retried; tests/test_payments.py::test_pf009_timeout_triggers_retry,"BACKOFF_SECONDS=(1,2,4) implements 3-retry exponential backoff; 4xx GatewayError is re-raised immediately (status < 500 check). Four tests: retries exactly 3 times on 5xx; backoff sequence is [1,2,4]; 4xx raises immediately with 1 call; timeout triggers retry."
PF-010,High,Abuse prevention,Each merchant SHALL be limited to 20 payment-creation requests per rolling minute. Excess requests SHALL be rejected with RATE_LIMITED.,COVERED,payflow/ratelimit.py:9; payflow/ratelimit.py:24; payflow/ratelimit.py:25,tests/test_payments.py::test_rate_limit_per_merchant,"MAX_REQUESTS_PER_MINUTE=20 and RATE_LIMITED error match spec; test exhausts 20 requests for m1 and asserts rejection, then passes m2 (per-merchant isolation)."
PF-011,Critical,Risk,"Payments with an INR-equivalent amount above INR 50,000.00 SHALL be flagged as requiring step-up authentication (2FA) before authorization.",COVERED,payflow/service.py:22; payflow/service.py:68; payflow/service.py:74,tests/test_payments.py::test_pf011_above_50k_requires_step_up; tests/test_payments.py::test_pf011_above_50k_with_step_up_succeeds; tests/test_payments.py::test_pf011_below_50k_no_step_up_needed,STEP_UP_THRESHOLD_INR=50000 added; authorize() now accepts step_up_verified param and raises STEP_UP_REQUIRED when amount_inr > 50000 and step_up_verified is False. Three tests: above-threshold without flag raises STEP_UP_REQUIRED; with flag succeeds; at/below threshold needs no flag.
PF-012,High,Lifecycle,Payment status SHALL follow CREATED -> AUTHORIZED -> CAPTURED -> PARTIALLY_REFUNDED/REFUNDED (or FAILED). Any other transition SHALL be rejected with INVALID_TRANSITION.,COVERED,payflow/models.py:19; payflow/service.py:62; payflow/service.py:63,tests/test_payments.py::test_invalid_transition_rejected; tests/test_payments.py::test_happy_path_lifecycle,ALLOWED_TRANSITIONS enforces the exact state machine from the spec; INVALID_TRANSITION error matches; tests cover both happy path and illegal transition.
PF-013,Medium,FX,Currency conversion SHALL use exchange rates no older than 15 minutes; otherwise the request SHALL be rejected with STALE_RATE.,COVERED,payflow/fx.py:10; payflow/fx.py:33; payflow/fx.py:34,tests/test_payments.py::test_pf013_stale_rate_rejected; tests/test_payments.py::test_pf013_fresh_rate_accepted; tests/test_payments.py::test_pf013_rate_exactly_15min_accepted,MAX_RATE_AGE=timedelta(minutes=15) and STALE_RATE error already implemented in fx.py. Three tests: stale rate (16 min) raises STALE_RATE; fresh rate (5 min) converts correctly; rate exactly at 15-min boundary is accepted (exclusive boundary).
PF-014,Medium,Data,All timestamps SHALL be stored in UTC using ISO-8601 format.,COVERED,payflow/models.py:29; payflow/models.py:31; payflow/models.py:42,tests/test_payments.py::test_timestamps_are_utc_iso8601,"utc_now() returns datetime.now(timezone.utc).isoformat() giving UTC ISO-8601; test parses created_at and audit timestamp, verifies zero utcoffset and +00:00 suffix."
